<?xml version="1.0" encoding="UTF-8"?>
<books xmlns:xsi="http://www.w3.org/2001/XMLSchema-instance"
       xsi:noNamespaceSchemaLocation="book.xsd">

    <book isbn="978-1234567890">
        <name>
            <first>Tyler</first>
            <middle>Miller</middle>
            <last>Zuniga</last>
        </name>
        <email>tyler@example.com</email>
        <author>Prateek Kuhad</author>
        <author>John Green</author>
        <page_no>345</page_no>
        <price>499</price>
    </book>

</books>
