<?xml version="1.0" encoding="UTF-8"?>
<?xml-stylesheet type="text/css" href="style.css"?>
<content>
    <header>Hello Everyone! Welcome to XML to CSS</header>

    <section>
        <category>Algo</category>
        <item id="green">Greedy Algo</item>
        <item id="darkred">Randomised Algo</item>
        <item id="blue">Searching Algo</item>
        <item id="orange">Sorting Algo</item>
    </section>

    <section>
        <category>Data Structures</category>
        <item id="green">Array</item>
        <item id="darkred">Stack</item>
        <item id="blue">Queue</item>
        <item id="orange">Linked List</item>
    </section>

    <section>
        <category>Web Technology</category>
        <item id="green">HTML</item>
        <item id="darkred">CSS</item>
        <item id="blue">Java Script</item>
        <item id="orange">Php</item>
    </section>

    <section>
        <category>Languages</category>
        <item id="green">C/C++</item>
        <item id="darkred">Java</item>
        <item id="blue">Python</item>
        <item id="orange">Ruby</item>
    </section>

    <section>
        <category>DBMS</category>
        <item id="green">Basics</item>
        <item id="darkred">ER Diagram</item>
        <item id="blue">Normalization</item>
        <item id="orange">Transaction Concepts</item>
    </section>
</content>
