<?xml version="1.0" encoding="UTF-8"?>
<Oceans>
    <Ocean name="Arctic">
        <Area>13000 million km²</Area>
        <MeanDepth>1200 m</MeanDepth>
    </Ocean>
    <Ocean name="Atlantic">
        <Area>87000 million km²</Area>
        <MeanDepth>3900 m</MeanDepth>
    </Ocean>
    <Ocean name="Pacific">
        <Area>180000 million km²</Area>
        <MeanDepth>4000 m</MeanDepth>
    </Ocean>
    <Ocean name="Indian">
        <Area>75000 million km²</Area>
        <MeanDepth>3900 m</MeanDepth>
    </Ocean>
    <Ocean name="Southern">
        <Area>20000 million km²</Area>
        <MeanDepth>4500 m</MeanDepth>
    </Ocean>
</Oceans>
