<?xml version="1.0" encoding="UTF-8"?>
<songs>
    <song>
        <name>Cold/Mess</name>
        <singer>Prateek Kuhad</singer>
        <compose_by>Prateek Kuhad</compose_by>
        <length>4:38</length>
    </song>
    <song>
        <name>Kasoor</name>
        <singer>Prateek Kuhad</singer>
        <compose_by>Prateek Kuhad</compose_by>
        <length>3:42</length>
    </song>
    <song>
        <name>Tum Jab Paas</name>
        <singer>Prateek Kuhad</singer>
        <compose_by>Prateek Kuhad</compose_by>
        <length>3:59</length>
    </song>
    <song>
        <name>Kho Gaye Hum Kahan</name>
        <singer>Prateek Kuhad</singer>
        <compose_by>Prateek Kuhad</compose_by>
        <length>4:10</length>
    </song>
</songs>
